,x,y,class
0,-0.3021811408446275,0.009916050845455495,1
1,-0.6708994079994767,-0.03373730279621556,0
2,0.5662293096135479,0.9762455137858793,0
3,0.1007943403254389,0.4673574979652192,0
4,-0.29385019873586965,0.0036798612894203154,1
5,-0.6482796286814422,-0.42014864549942116,0
6,-1.1429117578645447,-0.8336728933594082,0
7,-0.6263355893444685,0.10322109245021109,0
8,-0.26977590934029505,0.0007095810397535415,1
9,1.157244751528707,-1.0854884779854963,0
10,-0.3115918375774194,-0.01909665938139747,1
11,0.33211860678564536,0.18788588487061758,0
12,-0.24122024164145556,-0.014183921401790187,1
13,-0.4035364800706802,-0.053763035821164165,1
14,1.389035152427528,-0.7456022094540947,0
15,-0.2743218251939978,-1.465068956797122,0
16,0.15204197240563475,0.4413193795734195,0
17,-0.3514230514508017,-0.05335715592978373,1
18,-0.30078636622956917,-0.056234728111147124,1
19,-0.4141656836769404,-0.07681961144912894,1
20,-0.7142369257908755,-0.23168418506870544,0
21,-0.36375079116436393,-0.08110980246365841,1
22,0.3043827965604463,-0.8405477742794901,0
23,-0.29551392204870586,-0.08765106221440128,1
24,-0.32407113184634395,-0.09878797466775355,1
25,-0.43713987002748117,-0.10684666015069426,1
26,-0.3532496513070255,-0.11789002173054292,1
27,-0.4665165090752126,-0.11906983750800483,1
28,-0.6675827968262673,-0.3332233048764686,0
29,-0.35398469841562075,-0.13674344876000954,1
30,-0.3317209842057625,-0.7495366552298737,0
31,-0.34544659445928094,-0.1472281265864437,1
32,0.35693917145060655,0.19893674363804825,0
33,-0.32391890009364194,-0.1601259652373859,1
34,1.1594635170538288,-1.0828377469910873,0
35,0.975741341994098,0.10131088116735217,0
36,-0.3437355740847475,-0.16654728775331576,1
37,-0.6168034956592076,0.059195075516213426,0
38,0.7952841631274726,0.7455335211080077,0
39,-0.27301052291918504,-0.19083296118478682,1
40,-0.6306381770648801,-0.17650814184733007,0
41,-0.24074124784614442,-0.20974850615772012,1
42,1.5149491850939414,-0.39409310429663386,0
43,-0.3504190979161242,-0.19230976520046564,1
44,0.08636297757978577,0.45653852126522504,0
45,1.2467208856891088,-0.9960396398105404,0
46,1.6038106568696637,-0.33086714100827114,0
47,-0.34976772698392644,-0.6888707591634331,0
48,-0.29754495224466415,-0.21656909111637246,1
49,0.8209047099117839,0.6817985432547018,0
50,-0.2596193751548603,-0.2387874783886761,1
51,-0.5482136250052257,0.2868930250306948,0
52,0.09492803361557742,-1.546992790027696,0
53,-0.40154861167913064,-0.19891383801033188,1
54,-0.28903328947477147,-0.24848538470467804,1
55,-0.29753193866460415,-0.2540620057133882,1
56,0.494642920452205,-0.682541166456079,0
57,0.2454233519990262,1.108859272420025,0
58,0.4383467863744436,-1.457879992607373,0
59,-0.27790636479518877,-0.2713446208952833,1
60,0.5479090235875361,1.0012934784568226,0
61,-0.26806125024239347,-0.2847402101848345,1
62,0.978509098135005,-0.0022802555088781164,0
63,0.09644782054837395,-0.9288746894823661,0
64,-0.1107237629817783,-0.8184605548467165,0
65,0.7834724173378013,-0.5199602194984366,0
66,-0.4013037806271112,-0.2245467434942278,1
67,-0.2619620536565564,-0.3045788584601682,1
68,-0.2905698522462784,-0.2954788297730839,1
69,-0.5582935850779185,0.10838158513246188,0
70,1.3023000254011914,-0.8915508452732237,0
71,0.32255815238389013,0.17042305076505476,0
72,-0.3059616796461257,-0.29190449468001106,1
73,-0.35040789404508677,-0.2673314528623335,1
74,1.6662486604419118,-0.41457169305926034,0
75,0.3220158709960595,0.039656146102354344,0
76,1.1178782475951952,-1.1233796231753657,0
77,-0.3134391996327109,-0.295343913160149,1
78,-0.24000861984637056,-0.35234461853017846,1
79,-0.25486023189187695,-0.3456988852886093,1
80,-0.24961331885969537,-0.3534286293115204,1
81,0.9451191497560243,0.3648256966783067,0
82,-0.1965968715682605,-0.40217592526912505,1
83,-0.15598432850300833,-0.443541416898202,1
84,-0.18002664208349572,-0.42540863197174744,1
85,-0.1942441430057407,-0.41374170619709316,1
86,-0.20150340112645068,-0.40679658719518635,1
87,-0.4564444901129493,-1.3869690198623463,0
88,-0.12439906718249696,-0.49333975711565736,1
89,-0.21732495395848764,-0.3845738411731825,1
90,-0.19285565751943587,-0.4103957441714625,1
91,-0.11810615697533852,-0.5048779663082572,1
92,0.7102545425507161,-0.5897978872896992,0
93,-0.14811665025449744,-0.46106821946992144,1
94,-0.6171442401755622,0.2018371713240026,0
95,-0.16255767273396882,-0.4338225824511545,1
96,-1.3654081312495387,-0.2980434618168659,0
97,-0.185989857906209,-0.38766147891066804,1
98,1.2950023310232766,-0.9476293643951859,0
99,-0.5381449570382273,-0.44590578326198016,0
100,-0.12517945469790223,-0.47573522633951587,1
101,-1.309436683808983,0.4036808540096252,0
102,0.4698015396247674,0.9961958369053143,0
103,-0.1780495668024586,-0.3709555494757884,1
104,-0.14242302091674652,-0.41902664785465704,1
105,0.5208149152392548,-1.4137750130035658,0
106,-1.262958237983686,-0.5956845291964676,0
107,-0.09783852463460967,-0.4904024286743223,1
108,0.770515930465496,0.7702777723847922,0
109,-0.10064338003973532,-0.4676846234562443,1
110,-0.09856259410334038,-0.451449496152887,1
111,-0.4289939006695698,0.3485591174408555,0
112,-0.09503274109712298,-0.4348163762813169,1
113,-0.061065160749934545,-0.496448444267321,1
114,0.40180987007488395,-0.7721824266442234,0
115,-0.03797564014232164,-0.5352620212582676,1
116,-0.039351718077690466,-0.5008652127819192,1
117,-0.064932676948399,-0.37186385829116964,1
118,-0.03004024638556603,-0.45092257256383284,1
119,0.27535990154544987,-0.7855053259513141,0
120,-0.0006118066917741478,-0.5236530920789759,1
121,0.9947950462011877,0.30465493485527617,0
122,-0.0031666568991435056,-0.4536152319617586,1
123,0.028775628586749202,-0.5606854176309836,1
124,0.03324656944651743,-0.5155753066074839,1
125,0.05324675749837755,-0.5794334882482932,1
126,0.6596136723706411,-0.6121042613871512,0
127,-1.2727197511885238,0.3491142727118145,0
128,0.0545703600425361,-0.4736229442956968,1
129,-1.28168406438147,-0.10084067193657495,0
130,0.18921282219972674,0.4031228048851418,0
131,0.11647041855074328,-0.8672264634913439,0
132,-0.9626533389928206,0.8092904486752318,0
133,1.6182424851063266,-0.4938064472655962,0
134,0.06517683670116015,-0.4216957054310974,1
135,0.08375954315669898,-0.5007381665983992,1
136,0.09673251950963975,-0.4555949979993549,1
137,-1.1373443979273306,-0.7033638163633349,0
138,0.9725288346699245,-0.10177581495770653,0
139,0.5862357540886867,-0.6857740195474458,0
140,0.1103236152283309,-0.5471558047165598,1
141,-0.3823003168723465,0.3919476013171908,0
142,0.03771557562952425,0.4206668266129263,0
143,0.12352912283915625,-0.5284527122056578,1
144,0.13150836235148666,-0.6043671974475334,1
145,0.4395015240368017,-0.722552389160792,0
146,0.15088037343283447,-0.5126781402091719,1
147,0.5972047694959979,0.9289601614571432,0
148,-0.8459648235327741,0.9120238349521975,0
149,0.15643065430800523,-0.5780372365482123,1
150,1.4776093175723266,-0.6440928811995008,0
151,0.31154056844402145,0.25622109052021574,0
152,0.17788288384679724,-0.5089523362238625,1
153,0.18721235476427045,-0.5311179981590478,1
154,0.20840821852751035,-0.48656693131509404,1
155,-1.323622024068493,0.30493354487845287,0
156,0.2270284736786981,-0.463135926621841,1
157,0.18261058700041832,0.41883691236670784,0
158,1.086959043602853,0.03200551415722336,0
159,0.8794433661470876,-0.3438374873160844,0
160,-0.4423284595891448,0.3721740298341304,0
161,-0.9102764737937783,0.8549251269097026,0
162,-1.3972761535679854,-0.23015409902572026,0
163,1.4672867215994128,-0.5890935817707373,0
164,0.2186220061922341,-0.5504436753452344,1
165,0.24653804304462917,-0.49021260017426027,1
166,0.5301690201681577,-0.7376180429359817,0
167,0.2656229385414296,-0.4683056382323788,1
168,-0.3155964349396029,0.4337329371237068,0
169,-0.4913756150721692,1.166439283491069,0
170,0.26484331691571983,-0.5076579372467583,1
171,0.4303780753908477,0.07827658595667378,0
172,0.29872982793084946,-0.4452378482490344,1
173,0.2792587266165254,-0.5251787105002006,1
174,-0.1343347044296135,1.1147715152586162,0
175,0.3331842997714723,-0.42095037303069077,1
176,-0.4297869002041917,0.4050581166466166,0
177,0.5377364642959911,-1.472638133087801,0
178,0.32120978208195444,-0.47307789812533435,1
179,0.37667023832071667,-0.3797709303946267,1
180,0.31567590199449325,-0.5192403631590026,1
181,0.34048771904510833,-0.4865927583232241,1
182,-0.1329553193867848,-1.4724421236327383,0
183,0.33271568515871036,-0.5113390909379242,1
184,-0.9205517467303271,-1.0876494900941558,0
185,-0.551516646483719,0.22811719858577395,0
186,-0.37398281041563197,-0.6679190131000903,0
187,0.35834082487290486,-0.4785273358852721,1
188,0.3900001867032845,-0.43869069886424794,1
189,0.8108201949681537,-1.3633066959484292,0
190,0.37634467438593994,-0.4661898118254273,1
191,0.43792196159523383,-0.38775935915135723,1
192,0.38327739141403877,0.11650732735457603,0
193,0.429997156060452,-0.40478932872452045,1
194,0.4924138941732312,-0.33329536917919644,1
195,0.9947609322783881,0.15308335141725093,0
196,0.42845227792725665,-0.4129192807383055,1
197,0.5451026234836741,-0.28581104501170007,1
198,0.4635418407329925,-0.3753390029121257,1
199,0.17508694625618682,0.4328359668900987,0
200,0.42533859322393003,-0.411732609418253,1
201,-0.6929978663361981,0.10576626332933162,0
202,0.47253321209775956,-0.3629458572106694,1
203,0.44699847837048917,-0.3817698129950117,1
204,0.50671160185174,-0.32510762767841717,1
205,0.4958548449654943,-0.32871251185616124,1
206,0.5406222410389095,-0.2880001430492763,1
207,0.5396345954522318,-0.28247770405002287,1
208,0.6703951813479999,0.8657888046074416,0
209,-0.14032196578016712,-0.7798799246559881,0
210,0.6224320593287394,-0.21880269975953728,1
211,0.24829543598902679,0.31209306075826354,0
212,0.5871173182631836,-0.23594337458425144,1
213,0.08603279150341964,0.526029074944113,0
214,-1.1873500814873055,-0.6537939905182817,0
215,0.854537798108072,-0.4286807350623796,0
216,0.6197353290721549,-0.2082290348904049,1
217,-0.2894538650451572,-0.7692122863095778,0
218,0.19785155163234108,0.401085163519557,0
219,0.4034087556706196,0.14778192278895566,0
220,-0.5099833706804189,-1.3284619952224392,0
221,-0.7047929773987224,-0.2490635809630391,0
222,0.5788874835137826,-0.22368487429538703,1
223,0.6142148442258729,-0.19442792396462868,1
224,0.030531351094663123,-0.8251336378854337,0
225,1.2108894910272607,-1.032656758758003,0
226,0.6147212598438306,-0.1841329629811851,1
227,0.322343281964915,-1.4913134013999798,0
228,0.9208311245692457,-0.13742632056780274,0
229,0.6123916449219284,-0.17431134643781285,1
230,0.6645041684653114,-0.1394734386098346,1
231,0.6627240452060689,-0.1291651744498354,1
232,0.6217880091304386,-0.13289719364249897,1
233,0.6504320329651648,-0.10904122272822293,1
234,-1.3781091409470692,-0.3584104446706448,0
235,0.6089527318768351,-0.10883614621168462,1
236,0.587231158092077,-0.09985136240181858,1
237,0.7149220794116259,-0.049222649040774405,1
238,0.6352235697800439,-0.054782649962380775,1
239,-0.6911567053097827,-1.309523922377384,0
240,0.629777116279691,-0.03975524536381613,1
241,0.7024942894640192,-0.009499904109870626,1
242,-0.5855933302149517,-0.2199297477511046,0
243,-0.5271444095821046,-1.3518589898979976,0
244,0.6504301893946279,-0.002584115616244246,1
245,0.6467526963506306,0.013848578666067365,1
246,1.5284152564651787,-0.5912518652436742,0
247,0.7127132081864441,0.038200345723609384,1
248,-1.1462880334785936,0.5269178601350604,0
249,0.731899646678998,0.05559782146649508,1
250,0.25772957508498556,0.3342228386371451,0
251,-0.5100032191182519,-0.5623291721019676,0
252,0.343172768883041,0.2647014388277089,0
253,0.7783193168815603,0.07371124919763164,1
254,0.7428881001168686,0.08721476966624013,1
255,-0.05436285981937802,0.47135511574638056,0
256,-1.236801613903169,0.38888471553223325,0
257,-0.5685292392576962,-0.45630698015816945,0
258,0.7776028702301427,0.10290257319696262,1
259,1.6861253064057529,-0.120432066123971,0
260,0.6604127953302864,0.1202694268173808,1
261,0.6504263703848319,0.13854073834397873,1
262,-0.815359564428928,-1.187260574114046,0
263,0.7209655894974059,0.15135728570736298,1
264,1.0733481154954756,-0.1405190936288442,0
265,-1.1064815644439374,0.6412206080927726,0
266,-0.3690597935887468,0.46143305103582316,0
267,0.6058411341015668,0.1789829197738181,1
268,0.9398727998893053,-0.20154108021709366,0
269,-0.6416554639303498,-0.08426579572961335,0
270,0.6567573294848292,0.19158699572552454,1
271,0.7482738204335145,0.19519669906466833,1
272,0.6816335041476055,0.22198335102988648,1
273,0.603517789888722,0.2543897682456732,1
274,-1.33136017500338,-0.169002740277739,0
275,1.0438342694628826,0.19975521560811424,0
276,0.6721026585769478,0.2566474299063387,1
277,1.6868987082450586,-0.2359702848720949,0
278,0.6667379606682956,0.2739886345714021,1
279,-0.24853536832048131,0.4323654654813534,0
280,0.697665393718421,0.2807889650717091,1
281,-0.5942375588370787,-1.358648751712652,0
282,0.5709127289150695,0.33501600715520424,1
283,0.35080801374191906,0.005562363531955035,0
284,0.6844007462491942,0.3134312034952985,1
285,0.667582314887339,0.33322348426982673,1
286,0.30361910865727837,-0.0008629320601930297,0
287,0.6710314051896245,0.34518924336229817,1
288,0.5541626162448936,0.40817372012015307,1
289,0.035200563952966224,0.5434387235955244,0
290,0.6921296085138839,0.359648264348174,1
291,1.3840477789968537,-0.7962132310289844,0
292,0.6851530798070047,0.37325755684504086,1
293,0.57680531226964,0.43971613407010973,1
294,0.618142880274515,0.42853720268184703,1
295,0.5998387997803107,0.4489173980653324,1
296,0.6335578521767734,0.4366939202168798,1
297,0.5102629991793827,0.525272022103856,1
298,0.4966714923925817,0.5446152111153464,1
299,-1.1913123712914844,-0.7275673342403509,0
300,0.5870834562743821,0.4865130824959346,1
301,0.544670401227445,0.5236374547526497,1
302,0.45743382986001396,0.5996470651261664,1
303,0.4864806217867283,0.580580061186709,1
304,-0.606698399730202,0.16498478164403982,0
305,-0.46918922524628964,1.0840518565767097,0
306,0.5199541697558849,0.5531036831585079,1
307,-0.427098315178029,1.1349724271212571,0
308,0.4925877849783026,0.5790999938460981,1
309,0.4929840730570592,0.5775971545673882,1
310,0.43367442028479863,0.6375124437239729,1
311,0.4464767524025981,0.6206685087359236,1
312,-1.402560568759123,0.11693985387398018,0
313,0.11297026007207754,0.4179384678911258,0
314,-0.6370227084468629,-0.281691603333985,0
315,0.3885551991762027,0.6834844883469343,1
316,1.0430426642363644,0.38216283319482314,0
317,-1.302128389199511,-0.5264306816524711,0
318,0.39854811019619935,0.6662593723885026,1
319,-0.47766592795875007,-0.5829589928596419,0
320,0.338830843271711,0.7364870808256156,1
321,0.394061456893373,0.6529366603547823,1
322,0.36383551704463624,0.6827680168680426,1
323,-0.7902919838303701,0.9556006595275979,0
324,0.3578751485486322,0.6763297309973959,1
325,0.3322912551400189,0.6990771145488807,1
326,0.2484828070289649,-0.8149432349126262,0
327,-1.3241352461290974,-0.20342060416705537,0
328,0.4507608232469099,0.09982190632554987,0
329,-0.7477129022852325,-0.05687500714467468,0
330,0.9787426775393673,0.2829777092105207,0
331,-1.1926426439236635,-0.7858802121170976,0
332,-0.6429836539921447,-1.3091870209439787,0
333,0.27579144851692555,0.7760379754211572,1
334,0.9628871424488391,0.2339817111156459,0
335,0.7829532769051416,0.7426462921184009,0
336,0.31765383254657237,0.6790374334552769,1
337,0.4083754264530194,0.12332540949454301,0
338,0.2054625703504287,0.8693478056735374,1
339,0.2794423056586086,0.6934428920108557,1
340,-0.9782817577882783,-0.9962123197241698,0
341,0.36219801301304083,-0.774223398861199,0
342,0.17079641529979123,0.8990468621669068,1
343,0.2160434681092176,0.7631081521104838,1
344,0.19247230528425,0.7815105183522245,1
345,0.18397698477744234,0.7584109749592991,1
346,0.17124246689700343,0.7417373128377422,1
347,0.9438863880934428,-0.27900937529444014,0
348,-0.626308539177857,-1.3650857709877906,0
349,0.12075177083873777,0.8448284806987069,1
350,0.13655163107902762,0.7240799004542442,1
351,-0.0765933859457349,0.5968692186005636,0
352,0.10522373954594898,0.7652257998570795,1
353,0.05638228388580786,0.8937558597173287,1
354,0.7917575200296783,-1.3538466198231232,0
355,0.05871661183530204,0.7897191019243955,1
356,0.18293277647245193,-0.8204766676906912,0
357,0.026547885855768,0.8570384814442445,1
358,-0.05868980634371009,-0.8832408544461056,0
359,0.015174882382144794,0.7982973357018924,1
360,0.9427930222187181,-0.24204357699591822,0
361,-0.017048515143824595,0.8919585821027534,1
362,-0.32342668617282994,-0.7508261687655577,0
363,1.1244771845488157,0.07944822847272574,0
364,-0.03523262801306507,0.8782101874056998,1
365,-0.05028481707745265,0.7992444963742329,1
366,-0.0732906017502975,0.8196088685463566,1
367,0.3017393499927554,1.1437243634529177,0
368,0.19868548095409663,-0.872028454788566,0
369,-0.09510500588281216,0.8147551730453635,1
370,-0.11510718786729042,0.9663271612328023,1
371,-1.2443722352434146,0.4105669496010868,0
372,0.14041163840260548,-0.7868746251406795,0
373,-0.13810960495073668,0.8454590398313486,1
374,-0.17422886449532243,-0.7856413395443871,0
375,-0.15627290509068054,0.8941021520461374,1
376,-0.2283282475236872,1.105745615637143,0
377,-0.9606103694266884,0.8120650330129645,0
378,-0.19087416640432492,0.7327760760235154,1
379,1.5288419840547784,-0.49786022083542625,0
380,-0.1928551696126568,0.9221439990613512,1
381,0.8517801960124999,0.4153893452233137,0
382,-0.5042236062530068,1.0596303728045584,0
383,-0.23154064149454198,0.7832344739003262,1
384,-0.2470756287695188,0.8232994560356969,1
385,0.9410746914583846,0.536437402919274,0
386,-0.2685088617663328,0.8206846806746543,1
387,0.35984091691535625,0.03806293376888953,0
388,-0.28792708903066905,0.8261160474365736,1
389,-0.5694202710581099,-0.44360442600637806,0
390,-0.2502857886131882,1.1771524467296435,0
391,-0.2973095965491075,0.8690386853158377,1
392,-0.3356872352103058,0.7964046373272939,1
393,0.5796721019109449,-0.6762823152854872,0
394,-0.35443433153174214,0.7998341577226218,1
395,-1.1443038620337307,-0.7268470614021397,0
396,-0.24741421893698637,0.52713020469963,0
397,-0.42256860030888976,0.6516745225950538,1
398,0.13303077883608078,-1.4790912159222152,0
399,-0.3867485764164635,0.8140500263276166,1
400,-0.42649155156954005,0.7560144829113359,1
401,0.845981229319622,-0.4092336483296044,0
402,-0.4300271869739996,0.7906820971350568,1
403,-0.4818305921265197,0.7110945457714317,1
404,-0.6367305678455119,-0.37251576306359635,0
405,-1.4259149031030707,-0.2583690764928708,0
406,-0.4634744822151053,0.7859480921248833,1
407,-0.5316272430019124,0.6803406456923671,1
408,-0.5831655527840592,0.2303850524635561,0
409,0.34296682308570625,1.0946648830842087,0
410,-0.54521570347482,0.6855100103600745,1
411,-0.5210152785837484,0.3064507480963448,0
412,-0.5387931595330453,0.7226842947277987,1
413,-0.017998100731849487,0.4101186566628323,0
414,-0.5515241114510163,0.7222773178440879,1
415,0.3337020682844607,-0.8036100660301313,0
416,-0.6099621258825012,0.6491340922784825,1
417,-0.27892769489925906,0.46602495208386024,0
418,-0.5669979103116539,0.7297888429827848,1
419,0.77318117135141,-1.3379238032576635,0
420,-0.648034659734569,0.6281330194683361,1
421,-0.3550574239850692,-1.5038356915069842,0
422,-0.6361850661521133,0.6565804829364225,1
423,-0.6394165474024768,0.6611270295955871,1
424,0.5814309003783463,0.936719919536952,0
425,-0.6454078833555004,0.659632324912994,1
426,-1.291835579336991,-0.5577234099961367,0
427,-1.3791558257418308,-0.03593452087079319,0
428,-0.4126261689729937,-0.6590480375286766,0
429,-0.7162499139346197,0.5830641014173398,1
430,0.04971829988656079,-0.7902377096765667,0
431,-0.6664482548761413,0.6404318972501821,1
432,-0.5111553629189843,1.1727508799752588,0
433,-0.7402461359350244,0.5644120605794734,1
434,-0.3987501183290789,1.1400273801825034,0
435,-0.7070346073821818,0.5965314106244337,1
436,-0.686713558316769,0.027658463368635346,0
437,0.2783557836968722,0.18970517814640947,0
438,0.11379933367434614,1.0859876471165737,0
439,-0.7480711216031867,0.5550211118094657,1
440,-0.7619381208358376,0.5386977457732236,1
441,-0.7962129634175147,0.5045744608077563,1
442,0.8541309457764586,0.6321292295430099,0
443,-0.4838188481331842,0.35417394663299545,0
444,0.3292001632032637,0.2160822790056555,0
445,-0.8281894282125059,0.4730912098072484,1
446,-0.8159428307303391,0.4751233129085565,1
447,-1.3046368496147616,0.28455876527874047,0
448,0.6637875948058326,-0.6378991609020785,0
449,-0.8381868547599697,0.4499829598422129,1
450,-0.8295263870674278,0.4453847825580259,1
451,0.3514605264414996,-1.5363432930874417,0
452,-0.9172449664408219,0.37759503311149845,1
453,-0.6409185479946792,0.17091644955271362,0
454,-0.8677196181970543,0.3962636911189573,1
455,-0.9535621738276593,0.3338300946328701,1
456,-0.8268078270921935,0.3882372710769264,1
457,-0.7356969839941854,-0.025665131237127218,0
458,-0.5554158709160064,1.1179156912922958,0
459,-0.10343401722718812,1.2314877981809083,0
460,-0.9747787512355153,0.29640958581808224,1
461,-0.8399797571493293,0.3444456242546149,1
462,-1.1646832072819118,-0.7638988751246951,0
463,-1.0292372248843278,0.24183529037612803,1
464,0.6466035564640039,-0.6616096766515466,0
465,-0.8860370214434056,0.28432205441449576,1
466,0.36549556213710377,0.10820376912104468,0
467,0.5275166478301616,0.9563792436851066,0
468,-0.9603921896550079,0.235421030516739,1
469,-0.9692556681142102,0.2125917233677175,1
470,0.35961217845055954,0.05454527468080108,0
471,-1.0059476607716347,0.18044421737303834,1
472,-0.15493442693505743,0.46858510311800516,0
473,-0.6750062971362693,-0.11994351892922367,0
474,-0.9625724384130465,0.17280922494067041,1
475,-0.9889296570346948,0.14357084351956728,1
476,-0.8574796469905377,-1.1519507240120446,0
477,0.20851418076308018,-1.503028544059198,0
478,-1.0262769683866018,0.1124264441359897,1
479,-1.0150361685819922,0.09283251195416034,1
480,-0.19577358901082534,-0.8431840189432613,0
481,-0.9734365755450115,0.07762107588904853,1
482,0.7962200511163791,-0.5045686037843408,0
483,-0.9511029753431341,0.05665359786901719,1
484,-1.095560160065694,0.012067614880916564,1
485,-0.9652901223027766,0.0036828324064190872,1
486,0.9475227705149248,0.4344596493182175,0
487,-0.9859661193847526,-0.02387871321830365,1
488,0.09414906129845763,0.40677999369800194,0
489,1.3655372670336086,-0.828682121319294,0
490,-0.30771685172663543,0.502480880915778,0
491,-0.8728048803859709,-0.043300825462250746,1
492,1.0451823630665713,-1.1749886902619766,0
493,-0.11099115361319949,0.4971416286351199,0
494,0.7440001692406492,-0.5286559549845562,0
495,-0.9985764394665623,-0.07573600414542048,1
496,-1.2463168145666468,-0.5150121885076341,0
497,-1.2128750760853626,0.5281723895211962,0
498,-0.9789050002642455,-0.1013237552541876,1
499,1.6449344314810275,-0.16664798223694033,0
500,-0.5188125716032234,0.31805707673091477,0
501,1.2505862145568951,-0.9639365682818097,0
502,-1.0579043310222886,-0.1258826874258255,1
503,-0.16755516425885789,0.4840224666906153,0
504,-0.9642603034164653,-0.15451002823398405,1
505,-1.001142316650756,-0.17842028173625618,1
506,-1.3226866140993219,0.034234208027710385,0
507,-1.0403390704888664,-0.2000972445906203,1
508,-1.085998946229293,-0.21876880109385696,1
509,-0.9431201334510041,-0.2629868602107158,1
510,-0.9479988135473457,-0.2883736546544052,1
511,-0.9800464164686769,-0.3076314213845173,1
512,-0.9461261659079909,-0.3397902031252354,1
513,-0.561755465083811,-0.33789893184835496,0
514,-1.0643538422313694,-0.33438920119820126,1
515,-0.36361719036300183,0.40636966555473764,0
516,0.9128980590707897,0.5315549457381138,0
517,-0.9844536776419136,-0.37790979588662277,1
518,-1.0467160757436387,-0.38102364957434953,1
519,-0.35214629323738134,-0.7265497798979877,0
520,0.04736681674514415,0.4750395519435374,0
521,-0.9196246685426797,-0.44389407306621953,1
522,-0.9459479436028212,-0.4568610309509957,1
523,-1.273105671086845,-0.4762178768191276,0
524,-0.9612037389746033,-0.47175589993651923,1
525,-0.9499148645688394,-0.4960142430335036,1
526,-0.9040209428734617,-0.5356009243207538,1
527,-0.6989072228748153,-1.2775561989684738,0
528,-0.09856160913933135,-1.4547581227777886,0
529,0.8598609834879344,-0.3707313728033961,0
530,1.4915724108593316,-0.6632599463897672,0
531,-0.9592191481657656,-1.0500665347875255,0
532,-0.9095567800674864,-0.5517802598694536,1
533,-0.8959667837265443,-0.5762398840061459,1
534,-0.42948436036022175,-0.6173989347420576,0
535,-0.9256186314009548,-0.576354055300026,1
536,0.7326801048907788,0.791291615730306,0
537,-0.8223901707732161,-0.6506914386446971,1
538,-0.5170540121861535,-0.5384848920009366,0
539,-0.31703629715439446,-0.7044568091536763,0
540,1.3792448030056066,-0.8510653443171207,0
541,0.27899520531572225,-0.866467189798057,0
542,-0.840410439093448,-0.6554253979045664,1
543,-0.24249730322995505,-0.7707087491213983,0
544,-0.18942581130687586,0.4292719873028864,0
545,-0.13895318261295347,0.4910104571408723,0
546,-0.8102256274321394,-0.6887940480566539,1
547,0.18921317160533785,0.4130685390144195,0
548,-0.891221852569251,-1.107495490034068,0
549,0.3547012430356933,0.08974057922481891,0
550,-0.8675189908228764,-0.6620537446768773,1
551,-0.2771613819845829,-0.7536614937517978,0
552,0.07279457174301181,-0.8063130635267866,0
553,-0.18344616861752544,-0.8048282971771412,0
554,-0.7871641053727384,-0.7295374466728776,1
555,0.2432852943438209,-1.5343238848152592,0
556,-0.7199318988886748,-0.7911601043621331,1
557,-0.7517517399739827,-0.7758241163777789,1
558,0.15557928202000093,-0.9047927703520575,0
559,0.523036026832818,-0.7262811103967297,0
560,-0.7320247978452372,-0.7995553424423797,1
561,1.0249469683218178,-1.215806315612317,0
562,-0.7745469552811627,-0.7666545799261958,1
563,-0.7028168010755873,-0.8352150279272902,1
564,-0.6622964660057786,-0.8768759170736449,1
565,-0.6416479517692811,-0.8989617290167392,1
566,0.9731447219554962,-1.23104822774835,0
567,0.9847974102180553,0.46241762844253675,0
568,-0.7084431715224313,-0.8238809727858821,1
569,-0.7166639728720191,1.045835958426541,0
570,-0.6877157464993751,-0.8392282752424353,1
571,0.7459013761081312,-1.3350691913848425,0
572,1.6170004256265111,-0.3985273769277102,0
573,-0.647661742327185,-0.876859765494659,1
574,-0.5533806430166983,0.2822157410420376,0
575,-0.5814371518573609,-0.949231649169194,1
576,-0.09834199459584803,0.5814642089700576,0
577,0.5202756705173905,0.9901073752376199,0
578,0.18931728730031833,0.41990067662135155,0
579,-0.5759315316454621,-0.9441726822612045,1
580,-0.5074472190917411,-1.0254986208464505,1
581,0.41401070226940073,1.0296377180711116,0
582,-0.553974723100804,-0.9392274481639598,1
583,-0.5218453008644074,-0.9654325634160389,1
584,-0.4957438647136204,-0.9815120364889983,1
585,-0.4374287142642487,-1.0542176652581816,1
586,-0.42823147165939546,-1.0393951688671037,1
587,-1.1639003135361323,-0.7850044416763832,0
588,-0.4112589704401988,-1.0352167911844201,1
589,0.4484476969954968,0.07356624567167414,0
590,0.8314526669026968,-1.365196046614885,0
591,-1.1536415152129116,-0.8528200227900185,0
592,0.29869416288968725,0.25357636049766685,0
593,0.36006444720618835,0.14536033757176783,0
594,-0.36746687366615804,-1.0853409515325405,1
595,0.1806151837050298,1.1581926273877468,0
596,-0.3158115682645403,-1.157572129537442,1
597,1.0560851649312413,0.12592150825454,0
598,-0.3253766064383078,-1.0849129487534614,1
599,0.21833367264810913,0.37419383202525985,0
600,0.524109435575571,1.0016763867432574,0
601,-0.25794483626290415,-1.2040510807016567,1
602,-0.5648451783804341,0.26965850609746644,0
603,-0.2781335696019012,-1.0851020083001692,1
604,-0.2515434584201264,-1.0894946146891051,1
605,-0.021868460684229395,1.259885440581544,0
606,0.23744943784733408,1.0480380839832555,0
607,-0.23024798007602365,-1.0730099795127008,1
608,-1.1555574891948877,0.5430220659321825,0
609,-0.18022818841886185,-1.1596746726455982,1
610,-1.2334096919063278,-0.06427379560463935,0
611,-1.0931576205776898,0.6632036840768818,0
612,-0.14626759720602459,-1.1942380736098024,1
613,0.8484105976492349,0.6752758403071853,0
614,-0.12903115787772973,-1.1534560494917592,1
615,-0.10883428821402669,-1.1133677865058462,1
616,-0.058653823436566124,-1.2490523893366712,1
617,-0.63416037561688,0.9919216740877992,0
618,-0.04698768095675378,1.2241611380182105,0
619,-0.3233220241254007,-1.4092610655653726,0
620,0.9508960790621094,-0.3353301802132124,0
621,-0.03765908945685509,-1.2094528394684736,1
622,-0.013004454996986882,-1.1810427671977186,1
623,0.014341306881278767,-1.1636125152900771,1
624,-0.5661741564929779,-0.48806328761039486,0
625,1.0436552586403025,-0.01891271477306432,0
626,0.04852515638621909,-1.2533144064241462,1
627,-0.6019692626205666,0.12608776413353348,0
628,0.07564405604965406,-1.2430189561422398,1
629,-0.5187048057412961,-0.5542466035010176,0
630,0.10332939116589784,-1.1795814505353943,1
631,-0.4924559946527929,-0.574797915982971,0
632,-0.02649194549499813,0.5473651408693048,0
633,0.13172593954833467,-1.2266214999751417,1
634,0.16064079815619386,-1.2139214207657156,1
635,0.19678971379111418,-1.1112048231667664,1
636,0.2201135357449028,-1.1881831773830065,1
637,0.4745618860022645,-1.455344508539039,0
638,-1.3327067438030813,-0.1349841897233866,0
639,-0.1595772108301914,1.2357644499441194,0
640,0.24728703945897457,-1.2010847937605293,1
641,-1.1762052826469698,0.566273837771958,0
642,0.29112115771611163,-1.0972100645931446,1
643,0.2900413599378655,-1.2751250935384149,1
644,-0.7234020422490901,0.005617794268586466,0
645,-0.9983514821587884,0.7673093197335625,0
646,0.3531179915592825,-1.0893798336068563,1
647,0.0338348462365748,0.4822173085447324,0
648,0.37591400462214647,-1.1191116228628737,1
649,0.3906444363326321,-1.1716009825011162,1
650,0.6616975741039688,-0.6333775580824393,0
651,0.8808717687693083,-1.3158834979327567,0
652,-0.7405666804370559,-0.011761552486116513,0
653,0.43179844167151904,-1.1184169445995777,1
654,0.17044107188753066,-1.506932979846718,0
655,0.01664585976823972,1.1459399729382669,0
656,0.4520726624164392,-1.1390055532525636,1
657,0.4622880120315059,-1.1831589242535776,1
658,-1.013231974832916,-0.9812490457840178,0
659,0.5274318254504137,-1.06845364433083,1
660,0.12602514953922916,1.1679330662641016,0
661,0.48943102884271467,-1.227471701086521,1
662,0.6002833350985212,-1.012746181039538,1
663,-0.0068415370288007,0.5040223841474131,0
664,0.6023157622757754,-1.0616212509499972,1
665,0.19310959453466464,0.4135471695250579,0
666,0.6154317034498531,-1.078806320586308,1
667,0.6511763253344628,-1.0474574710951245,1
668,0.6873552628804152,-1.0160637339934826,1
669,1.6997031761147925,-0.19580781951552723,0
670,0.7192994478520295,-0.9925323716250899,1
671,-0.7034182308855051,-0.21809620096751506,0
672,-0.9349340249736076,0.830773600449302,0
673,0.9910007646176819,0.2558314112242798,0
674,0.5799338659222427,-0.710885515165613,0
675,0.7545698647486714,-0.963296165101383,1
676,0.061027562725318084,1.2337652220929924,0
677,0.7650674190860357,-0.9720331178246934,1
678,0.8175409279628761,-0.9162617945044824,1
679,0.8296070135755449,-0.918550717301905,1
680,0.8472355783707708,-0.9103743289015864,1
681,0.8967005776247715,-0.8607201739789222,1
682,0.8530287061767856,-0.3383629039460827,0
683,0.8808970658053631,-0.8893108826683478,1
684,0.9072136885172638,-0.8651133671090466,1
685,0.9712318547477259,-0.36088724464056504,0
686,0.960846271454667,-0.811200615527166,1
687,-0.17453858458341892,-1.443041016721728,0
688,0.9254145475438471,-0.8488402091091977,1
689,-1.2128234172813572,-0.35652087523088294,0
690,0.997744287620581,-0.776593473738646,1
691,0.9986599857915338,-0.7729127569236791,1
692,0.2593150237508067,0.29774908974065095,0
693,0.9909166946115169,-0.7737241950782507,1
694,0.7713915551565189,-0.5345038894218338,0
695,-0.3285805513254125,1.2100295461630484,0
696,0.9816279525604967,-0.7722699787887642,1
697,1.0949039316959928,-0.6720050696823792,1
698,1.0032813378205916,-0.7295590548366179,1
699,-0.6790359121093902,-0.34197349653452014,0
700,1.1033945235634146,-0.6433812496561679,1
701,1.0948788459845988,-0.6344050372381574,1
702,-0.02517855421746832,-1.42249045920245,0
703,1.063060462200547,-0.6372186058629429,1
704,1.1925424706026513,-0.5402157582638053,1
705,1.0856718145515503,-0.5820627192683544,1
706,1.245513037009485,-0.47473602995643055,1
707,1.1704891688211154,-0.4919269126978178,1
708,-0.578365893672026,-0.47141634156435674,0
709,-0.7191977129849876,-1.2863430146899777,0
710,0.7442911167487407,0.7959898069727085,0
711,1.2563551183558423,-0.4282533669413473,1
712,0.5810834055762151,-1.4387403076026377,0
713,-0.039487235863451334,-0.8894448923263127,0
714,1.1650962812595296,-0.44485758846946144,1
715,1.2334545347052597,-0.39023303338001114,1
716,1.1886998644922802,-0.38051426570697905,1
717,0.9004701934418281,0.573904439887574,0
718,-0.6641648971082034,0.14984717489507554,0
719,1.69023898801388,-0.03943324049635587,0
720,0.3672823804610605,-0.8186009842559443,0
721,-1.2923784960517535,-0.4398788702565507,0
722,1.2433139120929124,-0.33265220918620725,1
723,-1.3437733319407468,0.09635695960646287,0
724,0.9285998512730393,0.5747106934355909,0
725,1.266858184554444,-0.29653771449060606,1
726,-1.087725550307387,0.6391466332850256,0
727,1.2645086968313486,-0.26811581513629634,1
728,-0.5989779110651563,0.1553547130361099,0
729,1.2537179951744641,-0.24075845594696768,1
730,0.950895579744673,-1.236133255084417,0
731,0.3826942434195465,1.052387435363135,0
732,1.2606267624290008,-0.2077257462845483,1
733,-0.4915008057201663,-0.5482508848210917,0
734,-0.6617039049058819,1.0271965305995308,0
735,-0.08214460614176869,0.45927438332107573,0
736,1.3781587221686562,-0.15112087035798433,1
737,1.3788798126401323,-0.12126319114960844,1
738,-0.4368732619278841,-0.6314551700879653,0
739,1.2913777699140208,-0.10455927447428728,1
740,1.2899524798285866,-0.07147914453610622,1
741,-0.4971426721372149,0.33994744466845855,0
742,0.2726214102051718,0.2131492441931645,0
743,1.3506831719990842,-0.031292172480644365,1
744,1.3652420783479449,0.0025392172484666677,1
745,-0.3022684622430916,-1.5776684829396868,0
746,-0.7079230305579592,-0.1357760390881518,0
747,-0.2053918604711346,-1.4677452037931855,0
748,0.2873182907850823,1.1252516866625946,0
749,-0.6055899756444894,-1.2968275356870542,0
750,0.25357251226046706,0.3423316659846861,0
751,-1.346516037834208,0.06408456892190043,0
752,-1.1503145502232746,0.5018934338229066,0
753,0.8268834136587447,0.6638038316305611,0
754,1.2918451776827953,0.031204689279972206,1
755,1.4023210162775788,0.06914478994236928,1
756,1.3822321205085404,0.10119663951622655,1
757,1.3039376992127345,0.13560997077614886,1
758,1.2691687995085044,0.17193016802481542,1
759,1.3239286637895478,0.2034355711450045,1
760,1.317977701604523,0.23791917288910566,1
761,1.039327886858079,-1.2074594665918308,0
762,0.15304537024801887,0.4155145969731133,0
763,-0.12168142036311302,0.5752426309727747,0
764,0.14364408348783295,1.205439046151637,0
765,1.3081007965203209,0.27292144212555564,1
766,0.1099248222458212,0.46592649482103576,0
767,0.4508514375256801,0.9963219406274819,0
768,1.3666973274202068,0.29785101431363914,1
769,1.3581310994271885,0.33105873399271746,1
770,0.5963722822135138,-1.4844466322869716,0
771,-0.05328701935553731,-1.5233718924527015,0
772,1.3594405842008441,0.3621705084068789,1
773,1.3219233897673512,0.40141027571852184,1
774,-0.5601947082957509,-0.4206882754777235,0
775,1.3282748002409306,0.4307390462980668,1
776,-0.9421048150484628,0.8320690340969367,0
777,0.19277417112545292,0.40025116039641057,0
778,1.208539171524898,0.494407516793962,1
779,1.25706398612994,0.5116890574762389,1
780,1.2203748536539778,0.5539924823995868,1
781,1.2830746709238252,0.5609258318952222,1
782,-0.2541503223741914,-1.4085252276713334,0
783,-0.8879471516357764,0.8715064565533543,0
784,1.1980851897388367,0.6212748192207193,1
785,-0.5944555755525385,0.08138353012039404,0
786,0.29711794180152745,0.23611778499820532,0
787,0.9552139325749799,0.18173951988508283,0
788,-0.422894409202665,0.38913662970914764,0
789,0.9921009078509065,-1.2272523086705347,0
790,-0.1536739743664159,-0.795070084248305,0
791,-0.10312350079668553,-0.7737501399973468,0
792,1.2424031329208265,0.6304525237584573,1
793,0.45437444751568956,-0.7324960053592899,0
794,0.9473075610938099,0.33952038946634033,0
795,-0.3784032084853804,1.1082840809935668,0
796,1.1948705146722707,0.6772392235878825,1
797,1.2168272118252788,0.691674148185875,1
798,1.1355335385077039,0.7563829998945547,1
799,1.1342464167164499,0.7806105069677047,1
800,1.0828260238063507,0.8322243587037654,1
801,1.072832063229344,0.8597784067369171,1
802,-1.2679916579333976,0.20599223676782027,0
803,0.6623595371365467,0.8772803763422327,0
804,0.2852867675052591,-1.4891628632997187,0
805,-0.9238745877546822,-1.0821168293829653,0
806,-0.19415435446169105,-0.8156273845195774,0
807,-1.2666389670460005,0.2674991906133224,0
808,-8.186685681312988e-05,0.5267231887182181,0
809,0.743907864192216,-0.5164773374333234,0
810,1.0499309964116803,0.8943190325029825,1
811,1.1029857894967006,0.8759247521511192,1
812,1.0380685348091439,0.9368210143171388,1
813,-0.6898016753906816,1.0428953146730262,0
814,-0.19759128778726232,0.5410446819421845,0
815,-0.4819950695001828,0.32830312668297496,0
816,-0.543767963487972,-0.36170725491790795,0
817,-0.737724260400709,0.9904566083705433,0
818,0.9732234570974685,-0.14771894140064756,0
819,0.25523460140162085,0.3300515371979398,0
820,0.9718924163661502,1.001107702375871,1
821,-0.5988904381918191,-0.3091198278236389,0
822,0.9668282025140469,1.0187011066931244,1
823,-0.6442146291448342,-0.06634757322703999,0
824,-1.0119511501322902,0.7474169203214799,0
825,1.0480787433230063,0.9605017084520343,1
826,1.0168423539748688,0.9925672758242077,1
827,0.9758850399969279,1.0331889844339168,1
828,0.05691323534196534,-1.5098702099801504,0
829,0.9586725268230456,1.0506074375825887,1
830,0.9152859752605709,1.093130362617545,1
831,0.8815091024074815,1.125640124755545,1
832,0.3092442981261147,0.2648823160879551,0
833,0.8836408699785717,1.116229471223971,1
834,0.8220904772228778,1.1790981426564913,1
835,0.8059661747728379,1.1867549224602119,1
836,0.7957382352217082,1.1833340857642856,1
837,0.7357044889232115,1.246294583112237,1
838,-0.03606942888702834,0.4338118992386888,0
839,0.7480975111598037,1.2038503365090483,1
840,-0.24610968675931416,0.49173571135793076,0
841,0.6847131053244132,1.2725949177388178,1
842,0.6629197391106937,1.275774728078889,1
843,0.6361613342439406,1.284171823432249,1
844,0.5930475642645794,1.320488105025076,1
845,0.49892987360026075,-0.7120349881388774,0
846,0.555521428334936,1.3462671521807141,1
847,0.7588288320816838,0.7502265990444852,0
848,0.5460237603094783,1.3114325253077588,1
849,0.48035972237915553,1.3963154240448095,1
850,0.4369434524025617,1.4349036599793115,1
851,0.42417990878322714,1.394112209977694,1
852,-1.295294100563979,0.22985567424378717,0
853,0.3742748111668297,1.4487833488150956,1
854,-0.9682276153022289,-1.0283516478072312,0
855,0.9539114895219669,0.4539406597523108,0
856,0.3441919770768235,1.4470558353746599,1
857,0.7408501757806154,0.7987132113231916,0
858,-0.3249431432786567,0.44021462668278416,0
859,0.3291947701203741,1.3892400881307396,1
860,0.19233387425666465,0.4162944822078486,0
861,0.3635590867324392,0.08109781608312516,0
862,1.0584211420071163,0.053498739705323976,0
863,-1.011314600647326,-0.9975101373768449,0
864,-0.28570930030253633,1.1330224309637964,0
865,0.7166728602061794,-1.3323761310909494,0
866,0.26483430382473144,1.500724180950433,1
867,0.2541061593003501,1.4087098435927425,1
868,0.6715427566266695,-1.3660699600908897,0
869,0.4772913983888719,-0.7865836886676397,0
870,0.20045582157863456,1.4909556364493854,1
871,0.18000955541463617,1.4136899451561862,1
872,-0.4414740506301531,0.3950489440180614,0
873,0.1271793566091128,1.5084569523235047,1
874,0.09820213924261549,1.4574294203879798,1
875,0.048989831969184314,1.5628198606905879,1
876,0.30525160220546727,1.006306205182584,0
877,-0.6546488424465108,1.0752940911688074,0
878,0.019346720926908815,1.4923832199769231,1
879,-1.326778094301932,0.0005216493474986995,0
880,-0.6102099263360473,-0.15954168423771767,0
881,-0.019119177488123206,1.5055790488665501,1
882,-0.05641062922600707,1.49452031699506,1
883,-0.5515613606487376,0.26691351831475646,0
884,-0.5022698777130511,0.32884747424030125,0
885,-0.09485674358888445,1.5374553516466247,1
886,-0.13167543533990486,1.5553034398487486,1
887,0.49953911959939584,0.9750976185115565,0
888,0.14658985495215832,0.4576459002269243,0
889,-0.16742150893504,1.5770499696771372,1
890,-0.20981745759830686,1.4839748181422092,1
891,-0.23720645658226283,1.5991144828696606,1
892,-0.705097411557667,-0.10265644449740559,0
893,-0.2061119802751402,0.4209775081275516,0
894,-0.3049107971664546,1.191178843630302,0
895,-0.2760257820728857,1.566747694607208,1
896,0.6504031528854142,-0.6379186985485381,0
897,-0.32177400030024944,1.495237774438719,1
898,-0.37361951634602336,1.4067197629862038,1
899,0.8525369772483627,0.537444900986916,0
900,-0.38021334082976754,1.5682352210762216,1
901,-0.19708400768858753,1.1072344559607665,0
902,-0.5852783289689463,-0.49185524102696293,0
903,-0.456143636133632,1.3782268141017597,1
904,-0.07450519416453216,1.2013917968502255,0
905,-0.47195385012097263,1.4657725333015206,1
906,-0.4933202601720575,1.5129954128558571,1
907,-0.5545061027881222,1.4175645764216487,1
908,-0.5870776442597283,1.4207020942043163,1
909,-0.5923536248741189,1.4955912850109083,1
910,0.01619018673333428,-1.4551262836613423,0
911,0.7926610204486781,-0.5141825220407016,0
912,-0.4815646070814288,-0.584851183939661,0
913,-0.2577543810470119,0.5567187066970332,0
914,1.5845162541883568,-0.2977574499964832,0
915,-0.6423580021342224,1.4410193349192093,1
916,-0.5570065217994009,0.27001688711731137,0
917,-0.6886385143951907,1.3993211307791604,1
918,-0.7091098290547853,1.4170525891964747,1
919,-0.6804081867688544,0.9456181830879737,0
920,-0.4492096468555895,-1.3278388802165357,0
921,-0.7848214998630058,1.3136456567395889,1
922,-0.862434347994218,1.2155080912537597,1
923,-0.82025147926358,1.34594295329325,1
924,0.27465739382860677,0.000554276961183986,0
925,-1.0295375876048345,0.7228698773795124,0
926,-0.8969004686642615,1.2516341863908746,1
927,-0.37653698265181124,0.4218655425045089,0
928,-0.9041421879671503,1.2777637835491586,1
929,-0.9395714353756665,1.25367205272276,1
930,1.0149616847805438,-0.06998099655358028,0
931,-0.9998195757077988,1.1919375627326596,1
932,-1.0023031551072474,1.2130762661822678,1
933,0.9228245392474917,-0.2287284084677938,0
934,-1.0959496321856188,1.1080771740373891,1
935,1.636242039155511,-0.08610622530905197,0
936,-1.074419858617428,1.1539100451444178,1
937,-1.1202161659518441,1.111338089419608,1
938,1.2238535327388298,-0.999243617214357,0
939,-1.1122415325362383,1.1297445447176275,1
940,-1.2069519206260844,0.18687419960135387,0
941,-1.2027436630401496,1.0366528378182922,1
942,0.9784473128820166,-0.2468390440599179,0
943,-1.1987414757727275,1.0450529747509307,1
944,-1.2552695556560607,0.9898881818377739,1
945,-1.2618229426915486,0.9821103807586489,1
946,-0.8522628545621384,-1.1276296302354323,0
947,-1.3294495120655423,-0.399695362108938,0
948,0.39855034005488144,-1.4751817073292792,0
949,-0.2750973422901612,-0.732799548950671,0
950,-1.204722552861473,1.026775583175308,1
951,0.3148468452942214,0.14067377788694355,0
952,-1.1471397951356805,-0.8455077642270231,0
953,-0.920090322170068,0.8507928538728475,0
954,-1.2673447296788451,0.9630158468975252,1
955,-1.3020698787568559,0.9232075875601535,1
956,0.7509149416629994,-0.5535922529808884,0
957,-1.2983026009418832,0.9118416087484271,1
958,-0.5677146512915847,-1.3217903258390038,0
959,-1.334556203137724,0.8685807964312832,1
960,0.035537975628141344,1.2258420927903502,0
961,0.2651558458357097,0.008420591279938949,0
962,-1.4057252978896289,0.801565831527458,1
963,0.28551627079945174,0.32338781555303714,0
964,-1.3976284305710711,0.7875404857079202,1
965,-1.4149285605242405,0.754934752669769,1
966,0.9180740358266932,-0.06186645776302509,0
967,-1.5217652468495386,0.6699852692002135,1
968,0.23217404012931955,0.33775978763269254,0
969,-0.19207689300346525,0.6179331717989366,0
970,-1.5268061830572937,0.6443485898720187,1
971,-1.5077663511532524,0.6288739453740034,1
972,0.015861634283023018,-0.8815811023156629,0
973,-1.501149796119884,0.6041588072653907,1
974,0.2546704026520943,0.35212040800392785,0
975,-1.5111929109071143,0.5696499810679916,1
976,-1.5678980804572775,0.5145978461776842,1
977,0.32661530879064005,0.23395056105916345,0
978,-0.6682608979247743,-0.19013943724993979,0
979,-1.5045556469118728,0.5071798362259575,1
980,-1.6900388315164587,0.4061248435994544,1
981,-1.557205687362519,0.41807328929641885,1
982,-0.6337313563884189,0.2060290388122333,0
983,-1.6294690420785949,0.35983194702887794,1
984,-1.612998953152078,0.3283690574949428,1
985,0.12554672611247816,0.4751193488919335,0
986,-0.043604251281660726,-0.7545721687401309,0
987,-0.47727132104481235,0.3598678202102336,0
988,0.889427414699078,-0.3951666613339089,0
989,-1.6769211284467018,0.27512254170001404,1
990,-1.6318618568714796,0.24798823055452124,1
991,-1.666210956522357,0.2022403971525143,1
992,-0.7945933108761454,0.9664615124389613,0
993,0.00036082252022341665,-0.9090136578601228,0
994,-1.6428650829158682,0.16699152723422936,1
995,-1.5817801225203867,0.1350599969073671,1
996,1.4379402897598939,-0.741044131919153,0
997,-1.5731608585422368,0.09333168444300748,1
998,0.22577420337557644,-0.8237647557193537,0
999,-1.6120440779478868,0.04639608780415062,1
